,Baseline,Advanced
1,1,NA
2,1,NA
3,3,NA
4,2,NA
5,3,NA
6,3,NA
7,3,NA
8,2,NA
9,3,NA
10,1,NA
11,3,NA
12,2,NA
13,3,NA
14,3,NA
15,2,NA
16,3,NA
17,2,NA
18,2,NA
19,2,NA
20,2,NA
21,2,NA
22,3,NA
23,1,NA
24,2,NA
25,1,NA
26,1,NA
27,1,NA
28,2,NA
29,3,NA
30,2,NA
31,1,NA
32,3,NA
33,2,NA
34,2,NA
35,2,NA
36,2,NA
37,3,NA
38,3,NA
39,1,NA
40,3,NA
41,3,NA
42,1,NA
43,1,NA
44,2,NA
45,3,NA
46,1,NA
47,2,NA
48,2,NA
49,3,NA
50,3,NA
51,1,NA
52,2,NA
53,2,NA
54,2,NA
55,2,NA
56,1,NA
57,1,NA
58,1,NA
59,3,NA
60,3,NA
61,1,NA
62,3,NA
63,1,NA
64,2,NA
65,3,NA
66,2,NA
67,1,NA
68,3,NA
69,3,NA
70,1,NA
71,3,NA
72,2,NA
73,2,NA
74,2,NA
75,2,NA
76,2,NA
77,3,NA
78,2,NA
79,2,NA
80,2,NA
81,1,NA
82,1,NA
83,2,NA
84,2,NA
85,1,NA
86,1,NA
87,1,NA
88,2,NA
89,1,NA
90,3,NA
91,3,NA
92,2,NA
93,1,NA
94,2,NA
95,2,NA
96,1,NA
97,1,NA
98,2,NA
99,3,NA
100,2,NA
101,2,NA
102,1,NA
103,1,NA
104,1,NA
105,1,NA
106,2,NA
107,3,NA
108,3,NA
109,2,NA
110,2,NA
111,2,NA
112,3,NA
113,3,NA
114,2,NA
115,2,NA
116,3,NA
117,1,NA
118,2,NA
119,2,NA
120,1,NA
121,3,NA
122,2,NA
123,3,NA
124,1,NA
125,1,NA
126,1,NA
127,2,NA
128,1,NA
129,2,NA
130,1,NA
131,1,NA
132,3,NA
133,1,NA
134,1,NA
135,1,NA
136,1,NA
137,3,NA
138,3,NA
139,2,NA
140,3,NA
141,2,NA
142,3,NA
143,1,NA
144,3,NA
145,1,NA
146,1,NA
147,2,NA
148,2,NA
149,3,NA
150,3,NA
151,3,NA
152,3,NA
153,1,NA
154,1,NA
155,3,NA
156,2,NA
157,1,NA
158,1,NA
159,2,NA
160,3,NA
161,1,NA
162,1,NA
163,3,NA
164,2,NA
165,3,NA
166,2,NA
167,3,NA
168,1,NA
169,2,NA
170,2,NA
171,1,NA
172,2,NA
173,1,NA
174,2,NA
175,1,NA
176,1,NA
177,2,NA
178,3,NA
179,3,NA
180,3,NA
181,2,NA
182,1,NA
183,1,NA
184,2,NA
185,2,NA
186,2,NA
187,2,NA
188,1,NA
189,1,NA
190,3,NA
191,1,NA
192,2,NA
193,3,NA
194,2,NA
195,1,NA
196,2,NA
197,1,NA
198,1,NA
199,3,NA
200,2,NA
201,1,NA
202,3,NA
203,1,NA
204,3,NA
205,1,NA
206,3,NA
207,3,NA
208,1,NA
209,2,NA
210,2,NA
211,1,NA
212,2,NA
213,1,NA
214,2,NA
215,2,NA
216,3,NA
217,1,NA
218,2,NA
219,3,NA
220,2,NA
221,1,NA
222,1,NA
223,1,NA
224,3,NA
225,3,NA
226,2,NA
227,2,NA
228,1,NA
229,2,NA
230,1,NA
231,1,NA
232,2,NA
233,3,NA
234,1,NA
235,1,NA
236,3,NA
237,1,NA
238,3,NA
239,2,NA
240,2,NA
241,3,NA
242,3,NA
243,2,NA
244,2,NA
245,3,NA
246,1,NA
247,3,NA
248,2,NA
249,3,NA
250,2,NA
251,3,NA
252,3,NA
253,3,NA
254,1,NA
255,2,NA
256,3,NA
257,3,NA
258,1,NA
259,2,NA
260,3,NA
261,1,NA
262,1,NA
263,3,NA
264,2,NA
265,3,NA
266,1,NA
267,2,NA
268,2,NA
269,1,NA
270,2,NA
271,2,NA
272,1,NA
273,2,NA
274,1,NA
275,1,NA
276,1,NA
277,3,NA
278,2,NA
279,2,NA
280,1,NA
281,2,NA
282,3,NA
283,1,NA
284,3,NA
285,3,NA
286,2,NA
287,1,NA
288,2,NA
289,2,NA
290,1,NA
291,2,NA
292,3,NA
293,1,NA
294,2,NA
295,1,NA
296,2,NA
297,2,NA
298,2,NA
299,1,NA
300,3,NA
301,3,NA
302,3,NA
303,1,NA
304,2,NA
305,2,NA
306,3,NA
307,2,NA
308,1,NA
309,2,NA
310,2,NA
311,3,NA
312,2,NA
313,1,NA
314,2,NA
315,2,NA
316,1,NA
317,1,NA
318,2,NA
319,3,NA
320,1,NA
321,3,NA
322,1,NA
323,1,NA
324,3,NA
325,2,NA
326,2,NA
327,2,NA
328,2,NA
329,2,NA
330,1,NA
331,1,NA
332,1,NA
333,3,NA
334,1,NA
335,2,NA
336,2,NA
337,3,NA
338,3,NA
339,1,NA
340,1,NA
341,2,NA
342,2,NA
343,2,NA
344,3,NA
345,3,NA
346,1,NA
347,1,NA
348,3,NA
349,3,NA
350,1,NA
351,1,NA
352,2,NA
353,1,NA
354,2,NA
355,1,NA
356,1,NA
357,2,NA
358,3,NA
359,2,NA
360,3,NA
361,1,NA
362,2,NA
363,1,NA
364,1,NA
365,1,NA
366,2,NA
367,1,NA
368,1,NA
369,3,NA
370,1,NA
371,1,NA
372,2,NA
373,1,NA
374,2,NA
375,2,NA
376,3,NA
377,2,NA
378,2,NA
379,3,NA
380,3,NA
381,3,NA
382,3,NA
383,1,NA
384,2,NA
385,2,NA
386,2,NA
387,2,NA
388,1,NA
389,3,NA
390,2,NA
391,2,NA
392,3,NA
393,1,NA
394,2,NA
395,2,NA
396,2,NA
397,2,NA
398,3,NA
399,1,NA
400,1,NA
401,2,NA
402,3,NA
403,3,NA
404,3,NA
405,3,NA
406,1,NA
407,2,NA
408,2,NA
409,2,NA
410,2,NA
411,2,NA
412,1,NA
413,1,NA
414,1,NA
415,3,NA
416,2,NA
417,3,NA
418,2,NA
419,3,NA
420,2,NA
421,3,NA
422,3,NA
423,1,NA
424,2,NA
425,2,NA
426,2,NA
427,2,NA
428,1,NA
429,2,NA
430,3,NA
431,1,NA
432,3,NA
433,2,NA
434,3,NA
435,3,NA
436,1,NA
437,2,NA
438,2,NA
439,3,NA
440,3,NA
441,1,NA
442,1,NA
443,3,NA
444,2,NA
445,1,NA
446,3,NA
447,3,NA
448,2,NA
449,3,NA
450,3,NA
451,1,NA
452,1,NA
453,1,NA
454,3,NA
455,2,NA
456,1,NA
457,1,NA
458,1,NA
459,1,NA
460,3,NA
461,1,NA
462,2,NA
463,2,NA
464,3,NA
465,2,NA
466,1,NA
467,1,NA
468,1,NA
469,1,NA
470,2,NA
471,3,NA
472,3,NA
473,1,NA
474,2,NA
475,1,NA
476,2,NA
477,1,NA
478,2,NA
479,2,NA
480,1,NA
481,2,NA
482,3,NA
483,1,NA
484,3,NA
485,1,NA
486,1,NA
487,3,NA
488,1,NA
489,2,NA
490,2,NA
491,1,NA
492,2,NA
493,1,NA
494,3,NA
495,3,NA
496,1,NA
497,2,NA
498,1,NA
499,3,NA
500,1,NA
501,1,NA
502,1,NA
503,2,NA
504,3,NA
505,2,NA
506,1,NA
507,3,NA
508,2,NA
509,1,NA
510,2,NA
511,1,NA
512,1,NA
513,3,NA
514,2,NA
515,1,NA
516,1,NA
517,1,NA
518,2,NA
519,3,NA
520,1,NA
521,1,NA
522,2,NA
523,1,NA
524,1,NA
525,3,NA
526,1,NA
527,3,NA
528,1,NA
529,1,NA
530,3,NA
531,1,NA
532,3,NA
533,1,NA
534,2,NA
535,2,NA
536,3,NA
537,2,NA
538,2,NA
539,1,NA
540,1,NA
541,1,NA
542,3,NA
543,2,NA
544,1,NA
545,1,NA
546,2,NA
547,2,NA
548,2,NA
549,2,NA
550,3,NA
551,2,NA
552,3,NA
553,2,NA
554,2,NA
555,2,NA
556,1,NA
557,3,NA
558,1,NA
559,2,NA
560,1,NA
561,3,NA
562,2,NA
563,2,NA
564,2,NA
565,3,NA
566,2,NA
567,3,NA
568,1,NA
569,2,NA
570,1,NA
571,2,NA
572,3,NA
573,3,NA
574,3,NA
575,3,NA
576,2,NA
577,3,NA
578,3,NA
579,3,NA
580,2,NA
581,2,NA
582,3,NA
583,2,NA
584,1,NA
585,2,NA
586,1,NA
587,1,NA
588,2,NA
589,1,NA
590,2,NA
591,2,NA
592,3,NA
593,2,NA
594,2,NA
595,2,NA
596,2,NA
597,3,NA
598,2,NA
599,1,NA
600,3,NA
601,1,NA
602,2,NA
603,2,NA
604,2,NA
605,3,NA
606,2,NA
607,1,NA
608,1,NA
609,1,NA
610,1,NA
611,2,NA
612,1,NA
613,2,NA
614,1,NA
615,1,NA
616,2,NA
617,3,NA
618,3,NA
619,3,NA
620,1,NA
621,2,NA
622,2,NA
623,2,NA
624,3,NA
625,2,NA
626,2,NA
627,2,NA
628,3,NA
629,3,NA
630,2,NA
631,3,NA
632,1,NA
633,2,NA
634,2,NA
635,2,NA
636,2,NA
637,2,NA
638,3,NA
639,1,NA
640,2,NA
641,1,NA
642,3,NA
643,2,NA
644,1,NA
645,1,NA
646,2,NA
647,2,NA
648,2,NA
649,2,NA
650,2,NA
651,3,NA
652,2,NA
653,3,NA
654,3,NA
655,2,NA
656,2,NA
657,3,NA
658,1,NA
659,2,NA
660,3,NA
661,1,NA
662,3,NA
663,2,NA
664,1,NA
665,2,NA
666,3,NA
667,3,NA
668,2,NA
669,1,NA
670,1,NA
671,3,NA
672,2,NA
673,2,NA
674,2,NA
675,1,NA
676,2,NA
677,3,NA
678,1,NA
679,2,NA
680,3,NA
681,1,NA
682,1,NA
683,1,NA
684,2,NA
685,2,NA
686,3,NA
687,2,NA
688,2,NA
689,1,NA
690,1,NA
691,2,NA
692,1,NA
693,2,NA
694,1,NA
695,1,NA
696,3,NA
697,2,NA
698,3,NA
699,2,NA
700,2,NA
701,3,NA
702,1,NA
703,1,NA
704,2,NA
705,2,NA
706,1,NA
707,1,NA
708,3,NA
709,3,NA
710,2,NA
711,1,NA
712,1,NA
713,3,NA
714,2,NA
715,1,NA
716,1,NA
717,2,NA
718,3,NA
719,3,NA
720,2,NA
721,3,NA
722,3,NA
723,2,NA
724,1,NA
725,1,NA
726,3,NA
727,2,NA
728,1,NA
729,1,NA
730,2,NA
731,3,NA
732,1,NA
733,3,NA
734,2,NA
735,3,NA
736,3,NA
737,1,NA
738,1,NA
739,3,NA
740,1,NA
741,3,NA
742,3,NA
743,2,NA
744,1,NA
745,2,NA
746,1,NA
747,1,NA
748,2,NA
749,2,NA
750,3,NA
751,2,NA
752,2,NA
753,2,NA
754,3,NA
755,3,NA
756,1,NA
757,2,NA
758,1,NA
759,3,NA
760,1,NA
761,2,NA
762,2,NA
763,1,NA
764,1,NA
765,3,NA
766,2,NA
767,2,NA
768,1,NA
769,1,NA
770,2,NA
771,2,NA
772,2,NA
773,1,NA
774,2,NA
775,3,NA
776,1,NA
777,3,NA
778,2,NA
779,3,NA
780,2,NA
781,1,NA
782,3,NA
783,2,NA
784,1,NA
785,3,NA
786,2,NA
787,2,NA
788,2,NA
789,2,NA
790,3,NA
791,2,NA
792,2,NA
793,2,NA
794,1,NA
795,3,NA
796,1,NA
797,3,NA
798,2,NA
799,3,NA
800,2,NA
801,1,NA
802,2,NA
803,1,NA
804,1,NA
805,1,NA
806,1,NA
807,3,NA
808,3,NA
809,3,NA
810,3,NA
811,2,NA
812,2,NA
813,2,NA
814,3,NA
815,3,NA
816,2,NA
817,3,NA
818,3,NA
819,1,NA
820,3,NA
821,2,NA
822,1,NA
823,2,NA
824,1,NA
825,1,NA
826,3,NA
827,3,NA
828,3,NA
829,3,NA
830,2,NA
831,3,NA
832,2,NA
833,3,NA
834,2,NA
835,3,NA
836,1,NA
837,2,NA
838,3,NA
839,3,NA
840,3,NA
841,1,NA
842,3,NA
843,2,NA
844,3,NA
845,2,NA
846,2,NA
847,2,NA
848,1,NA
849,2,NA
850,2,NA
851,2,NA
852,1,NA
853,3,NA
854,2,NA
855,1,NA
856,2,NA
857,3,NA
858,3,NA
859,3,NA
860,1,NA
861,1,NA
862,2,NA
863,2,NA
864,3,NA
865,1,NA
866,1,NA
867,2,NA
868,1,NA
869,3,NA
870,2,NA
871,2,NA
872,3,NA
873,2,NA
874,1,NA
875,2,NA
876,2,NA
877,1,NA
878,2,NA
879,2,NA
880,2,NA
881,3,NA
882,2,NA
883,1,NA
884,2,NA
885,1,NA
886,1,NA
887,1,NA
888,1,NA
889,3,NA
890,1,NA
891,2,NA
892,3,NA
893,3,NA
894,1,NA
895,1,NA
896,1,NA
897,2,NA
898,2,NA
899,2,NA
900,2,NA
901,1,NA
902,1,NA
903,1,NA
904,3,NA
905,2,NA
906,1,NA
907,1,NA
908,1,NA
909,3,NA
910,3,NA
911,3,NA
912,2,NA
913,2,NA
914,1,NA
915,1,NA
916,1,NA
917,1,NA
918,3,NA
919,2,NA
920,3,NA
921,3,NA
922,1,NA
923,3,NA
924,2,NA
925,1,NA
926,1,NA
927,1,NA
928,2,NA
929,2,NA
930,3,NA
931,1,NA
932,1,NA
933,1,NA
934,1,NA
935,2,NA
936,2,NA
937,2,NA
938,3,NA
939,3,NA
940,1,NA
941,2,NA
942,3,NA
943,1,NA
944,1,NA
945,3,NA
946,2,NA
947,2,NA
948,1,NA
949,3,NA
950,3,NA
951,1,NA
952,3,NA
953,3,NA
954,1,NA
955,1,NA
956,1,NA
957,2,NA
958,2,NA
959,2,NA
960,1,NA
961,1,NA
962,1,NA
963,1,NA
964,1,NA
965,1,NA
966,3,NA
967,2,NA
968,2,NA
969,3,NA
970,2,NA
971,2,NA
972,3,NA
973,3,NA
974,2,NA
975,3,NA
976,3,NA
977,3,NA
978,3,NA
979,2,NA
980,3,NA
981,1,NA
982,3,NA
983,2,NA
984,1,NA
985,1,NA
986,2,NA
987,2,NA
988,3,NA
989,3,NA
990,1,NA
991,3,NA
992,1,NA
993,2,NA
994,1,NA
995,3,NA
996,2,NA
997,1,NA
998,1,NA
999,2,NA
1000,1,NA
1001,2,NA
1002,2,NA
1003,2,NA
1004,2,NA
1005,2,NA
1006,1,NA
1007,1,NA
1008,3,NA
1009,2,NA
1010,2,NA
1011,3,NA
1012,3,NA
1013,3,NA
1014,3,NA
1015,2,NA
1016,1,NA
1017,2,NA
1018,3,NA
1019,3,NA
1020,1,NA
1021,2,NA
1022,2,NA
1023,2,NA
1024,2,NA
1025,3,NA
1026,1,NA
1027,3,NA
1028,1,NA
1029,3,NA
1030,1,NA
1031,3,NA
1032,2,NA
1033,1,NA
1034,1,NA
1035,3,NA
1036,2,NA
1037,2,NA
1038,3,NA
1039,3,NA
1040,1,NA
1041,3,NA
1042,1,NA
1043,3,NA
1044,2,NA
1045,3,NA
1046,1,NA
1047,3,NA
1048,2,NA
1049,3,NA
1050,3,NA
1051,3,NA
1052,2,NA
1053,2,NA
1054,2,NA
1055,3,NA
1056,2,NA
1057,3,NA
1058,1,NA
1059,2,NA
1060,3,NA
1061,3,NA
1062,1,NA
1063,3,NA
1064,2,NA
1065,3,NA
1066,2,NA
1067,1,NA
1068,2,NA
1069,3,NA
1070,1,NA
1071,2,NA
1072,1,NA
1073,3,NA
1074,2,NA
1075,1,NA
1076,3,NA
1077,3,NA
1078,1,NA
1079,2,NA
1080,2,NA
1081,2,NA
1082,2,NA
1083,1,NA
1084,3,NA
1085,2,NA
1086,2,NA
1087,3,NA
1088,1,NA
1089,3,NA
1090,1,NA
1091,2,NA
1092,3,NA
1093,2,NA
1094,3,NA
1095,3,NA
1096,3,NA
1097,3,NA
1098,3,NA
1099,2,NA
1100,2,NA
1101,2,NA
1102,2,NA
1103,3,NA
1104,2,NA
1105,1,NA
1106,2,NA
1107,2,NA
1108,1,NA
1109,2,NA
1110,1,NA
1111,1,NA
1112,3,NA
1113,2,NA
1114,2,NA
1115,1,NA
1116,1,NA
1117,1,NA
1118,1,NA
1119,2,NA
1120,1,NA
1121,2,NA
1122,2,NA
1123,2,NA
1124,3,NA
1125,1,NA
1126,1,NA
1127,2,NA
1128,1,NA
1129,3,NA
1130,2,NA
1131,3,NA
1132,2,NA
1133,3,NA
1134,1,NA
1135,3,NA
1136,2,NA
1137,2,NA
1138,2,NA
1139,2,NA
1140,2,NA
1141,2,NA
1142,1,NA
1143,2,NA
1144,1,NA
1145,2,NA
1146,3,NA
1147,3,NA
1148,2,NA
1149,1,NA
1150,2,NA
1151,3,NA
1152,1,NA
1153,3,NA
1154,1,NA
1155,2,NA
1156,3,NA
1157,1,NA
1158,1,NA
1159,2,NA
1160,2,NA
1161,2,NA
1162,2,NA
1163,1,NA
1164,2,NA
1165,2,NA
1166,1,NA
1167,2,NA
1168,1,NA
1169,2,NA
1170,1,NA
1171,2,NA
1172,2,NA
1173,1,NA
1174,1,NA
1175,1,NA
1176,2,NA
1177,3,NA
1178,1,NA
1179,1,NA
1180,1,NA
1181,2,NA
1182,1,NA
1183,2,NA
1184,2,NA
1185,3,NA
1186,3,NA
1187,3,NA
1188,2,NA
1189,2,NA
1190,2,NA
1191,1,NA
1192,3,NA
1193,2,NA
1194,2,NA
1195,2,NA
1196,2,NA
1197,2,NA
1198,1,NA
1199,3,NA
1200,1,NA
1201,1,NA
1202,1,NA
1203,1,NA
1204,1,NA
1205,2,NA
1206,2,NA
1207,2,NA
1208,1,NA
1209,2,NA
1210,1,NA
1211,3,NA
1212,2,NA
1213,2,NA
1214,1,NA
1215,1,NA
1216,3,NA
1217,2,NA
1218,2,NA
1219,1,NA
1220,1,NA
1221,3,NA
1222,2,NA
1223,2,NA
1224,3,NA
1225,2,NA
1226,1,NA
1227,2,NA
1228,2,NA
1229,1,NA
1230,3,NA
1231,2,NA
1232,2,NA
1233,3,NA
1234,3,NA
1235,2,NA
1236,3,NA
1237,3,NA
1238,1,NA
1239,3,NA
1240,2,NA
1241,2,NA
1242,1,NA
1243,2,NA
1244,1,NA
1245,1,NA
1246,3,NA
1247,2,NA
1248,2,NA
1249,1,NA
1250,1,NA
1251,2,NA
1252,2,NA
1253,1,NA
1254,1,NA
1255,1,NA
1256,3,NA
1257,2,NA
1258,2,NA
1259,2,NA
1260,2,NA
1261,2,NA
1262,3,NA
1263,3,NA
1264,3,NA
1265,2,NA
1266,3,NA
1267,2,NA
1268,1,NA
1269,2,NA
1270,3,NA
1271,1,NA
1272,1,NA
1273,1,NA
1274,1,NA
1275,2,NA
1276,1,NA
1277,1,NA
1278,3,NA
1279,2,NA
1280,1,NA
1281,2,NA
1282,2,NA
1283,2,NA
1284,3,NA
1285,2,NA
1286,1,NA
1287,3,NA
1288,1,NA
1289,1,NA
1290,3,NA
1291,1,NA
1292,1,NA
1293,2,NA
1294,2,NA
1295,2,NA
1296,3,NA
1297,3,NA
1298,3,NA
1299,2,NA
1300,2,NA
1301,1,NA
1302,3,NA
1303,1,NA
1304,3,NA
1305,3,NA
1306,3,NA
1307,3,NA
1308,3,NA
1309,2,NA
1310,3,NA
1311,2,NA
1312,1,NA
1313,2,NA
1314,3,NA
1315,3,NA
1316,1,NA
1317,1,NA
1318,3,NA
1319,2,NA
1320,2,NA
1321,3,NA
1322,1,NA
1323,1,NA
1324,2,NA
1325,1,NA
1326,3,NA
1327,3,NA
1328,2,NA
1329,1,NA
1330,2,NA
1331,1,NA
1332,2,NA
1333,2,NA
1334,3,NA
1335,3,NA
1336,1,NA
1337,2,NA
1338,3,NA
1339,1,NA
1340,1,NA
1341,3,NA
1342,2,NA
1343,1,NA
1344,1,NA
1345,1,NA
1346,2,NA
1347,3,NA
1348,3,NA
1349,2,NA
1350,1,NA
1351,2,NA
1352,3,NA
1353,2,NA
1354,1,NA
1355,2,NA
1356,2,NA
1357,1,NA
1358,2,NA
1359,1,NA
1360,2,NA
1361,1,NA
1362,1,NA
1363,1,NA
1364,3,NA
1365,1,NA
1366,2,NA
1367,3,NA
1368,1,NA
1369,2,NA
1370,1,NA
1371,2,NA
1372,3,NA
1373,2,NA
1374,2,NA
1375,3,NA
1376,1,NA
1377,3,NA
1378,3,NA
1379,2,NA
1380,2,NA
1381,1,NA
1382,2,NA
1383,2,NA
1384,2,NA
1385,1,NA
1386,3,NA
1387,2,NA
1388,1,NA
1389,3,NA
1390,3,NA
1391,1,NA
1392,2,NA
1393,3,NA
1394,1,NA
1395,2,NA
1396,3,NA
1397,1,NA
1398,2,NA
1399,2,NA
1400,2,NA
1401,3,NA
1402,2,NA
1403,2,NA
1404,1,NA
1405,2,NA
1406,2,NA
1407,2,NA
1408,2,NA
1409,2,NA
1410,1,NA
1411,3,NA
1412,2,NA
1413,1,NA
1414,2,NA
1415,2,NA
1416,2,NA
1417,3,NA
1418,1,NA
1419,3,NA
1420,3,NA
1421,3,NA
1422,2,NA
1423,2,NA
1424,2,NA
1425,3,NA
1426,1,NA
1427,2,NA
1428,3,NA
1429,2,NA
1430,1,NA
1431,3,NA
1432,2,NA
1433,1,NA
1434,3,NA
1435,1,NA
1436,2,NA
1437,2,NA
1438,1,NA
1439,3,NA
1440,3,NA
1441,3,NA
1442,2,NA
1443,2,NA
1444,3,NA
1445,3,NA
1446,3,NA
1447,3,NA
1448,1,NA
1449,2,NA
1450,3,NA
1451,1,NA
1452,1,NA
1453,1,NA
1454,2,NA
1455,1,NA
1456,2,NA
1457,1,NA
1458,1,NA
1459,3,NA
1460,1,NA
1461,2,NA
1462,3,NA
1463,3,NA
1464,1,NA
1465,1,NA
1466,3,NA
1467,1,NA
1468,1,NA
1469,2,NA
1470,2,NA
1471,3,NA
1472,2,NA
1473,2,NA
1474,2,NA
1475,1,NA
1476,1,NA
1477,2,NA
1478,1,NA
1479,2,NA
1480,2,NA
1481,3,NA
1482,2,NA
1483,1,NA
1484,1,NA
1485,2,NA
1486,3,NA
1487,2,NA
1488,1,NA
1489,3,NA
1490,1,NA
1491,2,NA
1492,2,NA
1493,1,NA
1494,2,NA
1495,2,NA
1496,2,NA
1497,1,NA
1498,3,NA
1499,2,NA
1500,3,NA
1501,1,NA
1502,1,NA
1503,2,NA
1504,1,NA
1505,3,NA
1506,3,NA
1507,2,NA
1508,1,NA
1509,3,NA
1510,2,NA
1511,1,NA
1512,1,NA
1513,2,NA
1514,3,NA
1515,3,NA
1516,1,NA
1517,1,NA
1518,1,NA
1519,2,NA
1520,1,NA
1521,2,NA
1522,3,NA
1523,2,NA
1524,2,NA
1525,2,NA
1526,2,NA
1527,3,NA
1528,2,NA
1529,1,NA
1530,2,NA
1531,3,NA
1532,2,NA
1533,2,NA
1534,1,NA
1535,2,NA
1536,2,NA
1537,1,NA
1538,1,NA
1539,3,NA
1540,3,NA
1541,1,NA
1542,2,NA
1543,1,NA
1544,1,NA
1545,1,NA
1546,2,NA
1547,3,NA
1548,2,NA
1549,1,NA
1550,2,NA
1551,3,NA
1552,1,NA
1553,3,NA
1554,2,NA
1555,2,NA
1556,3,NA
1557,2,NA
1558,3,NA
1559,2,NA
1560,1,NA
1561,3,NA
1562,3,NA
1563,1,NA
1564,2,NA
1565,3,NA
1566,1,NA
1567,1,NA
1568,1,NA
1569,1,NA
1570,3,NA
1571,2,NA
1572,3,NA
1573,1,NA
1574,1,NA
1575,2,NA
1576,2,NA
1577,3,NA
1578,2,NA
1579,1,NA
1580,1,NA
1581,1,NA
1582,2,NA
1583,3,NA
1584,3,NA
1585,3,NA
1586,1,NA
1587,2,NA
1588,2,NA
1589,1,NA
1590,2,NA
1591,1,NA
1592,1,NA
1593,1,NA
1594,1,NA
1595,2,NA
1596,1,NA
1597,3,NA
1598,3,NA
1599,3,NA
1600,1,NA
1601,1,NA
1602,2,NA
1603,2,NA
1604,1,NA
1605,1,NA
1606,1,NA
1607,3,NA
1608,3,NA
1609,3,NA
1610,3,NA
1611,2,NA
1612,3,NA
1613,2,NA
1614,2,NA
1615,1,NA
1616,1,NA
1617,1,NA
1618,1,NA
1619,3,NA
1620,1,NA
1621,3,NA
1622,1,NA
1623,1,NA
1624,1,NA
1625,2,NA
1626,2,NA
1627,2,NA
1628,1,NA
1629,1,NA
1630,1,NA
1631,3,NA
1632,3,NA
1633,2,NA
1634,1,NA
1635,2,NA
1636,1,NA
1637,1,NA
1638,2,NA
1639,2,NA
1640,1,NA
1641,1,NA
1642,2,NA
1643,1,NA
1644,1,NA
1645,2,NA
1646,1,NA
1647,1,NA
1648,3,NA
1649,1,NA
1650,2,NA
1651,2,NA
1652,2,NA
1653,3,NA
1654,1,NA
1655,2,NA
1656,1,NA
1657,3,NA
1658,2,NA
1659,3,NA
1660,3,NA
1661,3,NA
1662,2,NA
1663,1,NA
1664,3,NA
1665,1,NA
1666,3,NA
1667,1,NA
1668,3,NA
1669,2,NA
1670,1,NA
1671,1,NA
1672,2,NA
1673,2,NA
1674,3,NA
1675,2,NA
1676,3,NA
1677,2,NA
1678,1,NA
1679,3,NA
1680,1,NA
1681,3,NA
1682,2,NA
1683,1,NA
1684,1,NA
1685,2,NA
1686,1,NA
1687,1,NA
1688,3,NA
1689,3,NA
1690,2,NA
1691,2,NA
1692,2,NA
1693,2,NA
1694,1,NA
1695,2,NA
1696,3,NA
1697,1,NA
1698,2,NA
1699,3,NA
1700,3,NA
1701,1,NA
1702,1,NA
1703,3,NA
1704,2,NA
1705,3,NA
1706,2,NA
1707,3,NA
1708,3,NA
1709,2,NA
1710,1,NA
1711,3,NA
1712,1,NA
1713,2,NA
1714,3,NA
1715,2,NA
1716,3,NA
1717,3,NA
1718,2,NA
1719,3,NA
1720,1,NA
1721,2,NA
1722,2,NA
1723,3,NA
1724,3,NA
1725,3,NA
1726,2,NA
1727,1,NA
1728,2,NA
1729,3,NA
1730,2,NA
1731,3,NA
1732,3,NA
1733,2,NA
1734,3,NA
1735,2,NA
1736,3,NA
1737,1,NA
1738,3,NA
1739,1,NA
1740,1,NA
1741,3,NA
1742,1,NA
1743,3,NA
1744,3,NA
1745,1,NA
1746,2,NA
1747,3,NA
1748,2,NA
1749,2,NA
1750,1,NA
1751,3,NA
1752,3,NA
1753,2,NA
1754,1,NA
1755,3,NA
1756,3,NA
1757,2,NA
1758,3,NA
1759,1,NA
1760,1,NA
1761,3,NA
1762,3,NA
1763,1,NA
1764,3,NA
1765,1,NA
1766,1,NA
1767,2,NA
1768,3,NA
1769,2,NA
1770,2,NA
1771,2,NA
1772,3,NA
1773,1,NA
1774,1,NA
1775,1,NA
1776,1,NA
1777,2,NA
1778,2,NA
1779,2,NA
1780,3,NA
1781,1,NA
1782,2,NA
1783,1,NA
1784,1,NA
1785,1,NA
1786,3,NA
1787,2,NA
1788,3,NA
1789,1,NA
1790,3,NA
1791,1,NA
1792,3,NA
1793,3,NA
1794,1,NA
1795,2,NA
1796,2,NA
1797,1,NA
1798,3,NA
1799,3,NA
1800,2,NA
1801,3,NA
1802,1,NA
1803,1,NA
1804,2,NA
1805,2,NA
1806,2,NA
1807,3,NA
1808,2,NA
1809,3,NA
1810,2,NA
1811,1,NA
1812,2,NA
1813,3,NA
1814,1,NA
1815,2,NA
1816,3,NA
1817,2,NA
1818,1,NA
1819,3,NA
1820,3,NA
1821,3,NA
1822,3,NA
1823,3,NA
1824,2,NA
1825,2,NA
1826,2,NA
1827,1,NA
1828,2,NA
1829,1,NA
1830,1,NA
1831,1,NA
1832,2,NA
1833,1,NA
1834,3,NA
1835,3,NA
1836,3,NA
1837,3,NA
1838,2,NA
1839,1,NA
1840,3,NA
1841,2,NA
1842,1,NA
1843,3,NA
1844,1,NA
1845,3,NA
1846,2,NA
1847,3,NA
1848,2,NA
1849,3,NA
1850,3,NA
1851,3,NA
1852,1,NA
1853,1,NA
1854,2,NA
1855,1,NA
1856,3,NA
1857,2,NA
1858,1,NA
1859,2,NA
1860,2,NA
1861,2,NA
1862,3,NA
1863,2,NA
1864,3,NA
1865,2,NA
1866,2,NA
1867,3,NA
1868,2,NA
1869,3,NA
1870,3,NA
1871,2,NA
1872,3,NA
1873,3,NA
1874,3,NA
1875,1,NA
1876,3,NA
1877,3,NA
1878,2,NA
1879,2,NA
1880,2,NA
1881,2,NA
1882,2,NA
1883,2,NA
1884,2,NA
1885,3,NA
1886,1,NA
1887,2,NA
1888,2,NA
1889,2,NA
1890,2,NA
1891,1,NA
1892,2,NA
1893,2,NA
1894,3,NA
1895,1,NA
1896,3,NA
1897,2,NA
1898,2,NA
1899,2,NA
1900,3,NA
1901,2,NA
1902,3,NA
1903,3,NA
1904,2,NA
1905,2,NA
1906,1,NA
1907,2,NA
1908,3,NA
1909,2,NA
1910,3,NA
1911,1,NA
1912,3,NA
1913,2,NA
1914,3,NA
1915,2,NA
1916,2,NA
1917,2,NA
1918,3,NA
1919,3,NA
1920,1,NA
1921,3,NA
1922,3,NA
1923,1,NA
1924,3,NA
1925,3,NA
1926,2,NA
1927,2,NA
1928,1,NA
1929,1,NA
1930,3,NA
1931,1,NA
1932,2,NA
1933,3,NA
1934,1,NA
1935,3,NA
1936,3,NA
1937,1,NA
1938,3,NA
1939,1,NA
1940,1,NA
1941,3,NA
1942,1,NA
1943,1,NA
1944,3,NA
1945,2,NA
1946,1,NA
1947,2,NA
1948,2,NA
1949,1,NA
1950,3,NA
1951,3,NA
1952,1,NA
1953,1,NA
1954,2,NA
1955,3,NA
1956,2,NA
1957,2,NA
1958,2,NA
1959,1,NA
1960,3,NA
1961,3,NA
1962,3,NA
1963,3,NA
1964,3,NA
1965,1,NA
1966,1,NA
1967,1,NA
1968,3,NA
1969,1,NA
1970,2,NA
1971,1,NA
1972,2,NA
1973,1,NA
1974,3,NA
1975,1,NA
1976,1,NA
1977,3,NA
1978,2,NA
1979,1,NA
1980,1,NA
1981,1,NA
1982,3,NA
1983,2,NA
1984,3,NA
1985,2,NA
1986,1,NA
1987,2,NA
1988,1,NA
1989,2,NA
1990,2,NA
1991,3,NA
1992,3,NA
1993,2,NA
1994,1,NA
1995,2,NA
1996,3,NA
1997,2,NA
1998,1,NA
1999,2,NA
2000,1,NA
2001,2,NA
2002,3,NA
2003,1,NA
2004,2,NA
2005,2,NA
2006,1,NA
2007,3,NA
2008,1,NA
2009,1,NA
2010,3,NA
2011,1,NA
2012,2,NA
2013,2,NA
2014,1,NA
2015,3,NA
2016,3,NA
2017,1,NA
2018,1,NA
2019,2,NA
2020,3,NA
2021,1,NA
2022,2,NA
2023,1,NA
2024,3,NA
2025,1,NA
2026,2,NA
2027,3,NA
2028,1,NA
2029,2,NA
2030,3,NA
2031,1,NA
2032,2,NA
2033,3,NA
2034,3,NA
2035,1,NA
2036,1,NA
2037,3,NA
2038,1,NA
2039,2,NA
2040,3,NA
2041,3,NA
2042,2,NA
2043,2,NA
2044,2,NA
2045,1,NA
2046,3,NA
2047,3,NA
2048,2,NA
2049,1,NA
2050,3,NA
2051,1,NA
2052,2,NA
2053,3,NA
2054,2,NA
2055,1,NA
2056,1,NA
2057,2,NA
2058,3,NA
2059,2,NA
2060,1,NA
2061,2,NA
2062,3,NA
2063,2,NA
2064,1,NA
2065,3,NA
2066,2,NA
2067,1,NA
2068,1,NA
2069,3,NA
2070,2,NA
2071,2,NA
2072,3,NA
2073,2,NA
2074,1,NA
2075,1,NA
2076,3,NA
2077,1,NA
2078,3,NA
2079,1,NA
2080,2,NA
2081,2,NA
2082,1,NA
2083,2,NA
2084,3,NA
2085,1,NA
2086,2,NA
2087,3,NA
2088,1,NA
2089,1,NA
2090,2,NA
2091,2,NA
2092,2,NA
2093,1,NA
2094,2,NA
2095,1,NA
2096,1,NA
2097,2,NA
2098,1,NA
2099,2,NA
2100,2,NA
2101,3,NA
2102,1,NA
2103,3,NA
2104,3,NA
2105,3,NA
2106,2,NA
2107,3,NA
2108,3,NA
2109,3,NA
2110,1,NA
2111,1,NA
2112,1,NA
2113,2,NA
2114,3,NA
2115,3,NA
2116,2,NA
2117,1,NA
2118,2,NA
2119,2,NA
2120,2,NA
2121,2,NA
2122,3,NA
2123,3,NA
2124,3,NA
2125,3,NA
2126,1,NA
2127,1,NA
2128,1,NA
2129,1,NA
2130,2,NA
2131,1,NA
2132,1,NA
2133,2,NA
2134,3,NA
2135,2,NA
2136,1,NA
2137,3,NA
2138,1,NA
2139,2,NA
2140,2,NA
2141,1,NA
2142,2,NA
2143,1,NA
2144,1,NA
2145,1,NA
2146,2,NA
2147,3,NA
2148,2,NA
2149,2,NA
2150,3,NA
2151,3,NA
2152,3,NA
2153,2,NA
2154,1,NA
2155,2,NA
2156,2,NA
2157,3,NA
2158,1,NA
2159,1,NA
2160,1,NA
2161,1,NA
2162,2,NA
2163,1,NA
2164,1,NA
2165,1,NA
2166,2,NA
2167,3,NA
2168,2,NA
2169,3,NA
2170,2,NA
2171,2,NA
2172,1,NA
2173,2,NA
2174,2,NA
2175,2,NA
2176,1,NA
2177,1,NA
2178,2,NA
2179,2,NA
2180,1,NA
2181,2,NA
2182,3,NA
2183,3,NA
2184,1,NA
2185,3,NA
2186,3,NA
2187,1,NA
2188,3,NA
2189,1,NA
2190,3,NA
2191,2,NA
2192,3,NA
2193,3,NA
2194,3,NA
2195,2,NA
2196,3,NA
2197,1,NA
2198,3,NA
2199,3,NA
2200,2,NA
2201,2,NA
2202,3,NA
2203,3,NA
2204,1,NA
2205,2,NA
2206,1,NA
2207,2,NA
2208,1,NA
2209,1,NA
2210,3,NA
2211,3,NA
2212,2,NA
2213,2,NA
2214,2,NA
2215,1,NA
2216,2,NA
2217,1,NA
2218,3,NA
2219,3,NA
2220,1,NA
2221,3,NA
2222,2,NA
2223,1,NA
2224,1,NA
2225,3,NA
2226,1,NA
2227,3,NA
2228,2,NA
2229,2,NA
2230,3,NA
2231,3,NA
2232,2,NA
2233,2,NA
2234,3,NA
2235,2,NA
2236,3,NA
2237,1,NA
2238,2,NA
2239,2,NA
2240,1,NA
2241,2,NA
2242,2,NA
2243,1,NA
2244,2,NA
2245,1,NA
2246,3,NA
2247,2,NA
2248,2,NA
2249,2,NA
2250,1,NA
2251,1,NA
2252,1,NA
2253,3,NA
2254,3,NA
2255,1,NA
2256,3,NA
2257,3,NA
2258,3,NA
2259,3,NA
2260,1,NA
2261,3,NA
2262,2,NA
2263,2,NA
2264,1,NA
2265,3,NA
2266,3,NA
2267,2,NA
2268,1,NA
2269,2,NA
2270,2,NA
2271,3,NA
2272,3,NA
2273,2,NA
2274,3,NA
2275,3,NA
2276,3,NA
2277,1,NA
2278,3,NA
2279,2,NA
2280,2,NA
2281,1,NA
2282,2,NA
2283,2,NA
2284,2,NA
2285,2,NA
2286,3,NA
2287,1,NA
2288,1,NA
2289,3,NA
2290,3,NA
2291,2,NA
2292,3,NA
2293,3,NA
2294,1,NA
2295,3,NA
2296,1,NA
2297,1,NA
2298,1,NA
2299,2,NA
2300,3,NA
2301,1,NA
2302,3,NA
2303,3,NA
2304,2,NA
2305,1,NA
2306,3,NA
2307,1,NA
2308,1,NA
2309,2,NA
2310,2,NA
2311,3,NA
2312,1,NA
2313,1,NA
2314,2,NA
2315,2,NA
2316,3,NA
2317,1,NA
2318,1,NA
2319,3,NA
2320,2,NA
2321,2,NA
2322,2,NA
2323,2,NA
2324,3,NA
2325,3,NA
2326,1,NA
2327,1,NA
2328,2,NA
2329,1,NA
2330,2,NA
2331,1,NA
2332,1,NA
2333,3,NA
2334,2,NA
2335,1,NA
2336,1,NA
2337,3,NA
2338,1,NA
2339,1,NA
2340,3,NA
2341,1,NA
2342,2,NA
2343,2,NA
2344,1,NA
2345,1,NA
2346,1,NA
2347,3,NA
2348,2,NA
2349,2,NA
2350,3,NA
2351,2,NA
2352,2,NA
2353,1,NA
2354,1,NA
2355,2,NA
2356,1,NA
2357,1,NA
2358,3,NA
2359,1,NA
2360,1,NA
2361,1,NA
2362,3,NA
2363,1,NA
2364,1,NA
2365,1,NA
2366,1,NA
2367,2,NA
2368,2,NA
2369,1,NA
2370,3,NA
2371,3,NA
2372,2,NA
2373,3,NA
2374,3,NA
2375,1,NA
2376,1,NA
2377,3,NA
2378,3,NA
2379,3,NA
2380,2,NA
2381,2,NA
2382,2,NA
2383,3,NA
2384,3,NA
2385,2,NA
2386,3,NA
2387,3,NA
2388,3,NA
2389,2,NA
2390,3,NA
2391,1,NA
2392,2,NA
2393,1,NA
2394,1,NA
2395,1,NA
2396,1,NA
2397,2,NA
2398,1,NA
2399,3,NA
2400,3,NA
2401,3,NA
2402,3,NA
2403,1,NA
2404,2,NA
2405,2,NA
2406,2,NA
2407,3,NA
2408,2,NA
2409,2,NA
2410,3,NA
2411,3,NA
2412,1,NA
2413,2,NA
2414,2,NA
2415,1,NA
2416,2,NA
2417,2,NA
2418,1,NA
2419,2,NA
2420,1,NA
2421,1,NA
2422,2,NA
2423,2,NA
2424,1,NA
2425,2,NA
2426,1,NA
2427,1,NA
2428,3,NA
2429,3,NA
2430,2,NA
2431,1,NA
2432,3,NA
2433,1,NA
2434,1,NA
2435,2,NA
2436,3,NA
2437,1,NA
2438,2,NA
2439,1,NA
2440,1,NA
2441,1,NA
2442,2,NA
2443,3,NA
2444,1,NA
2445,1,NA
2446,1,NA
2447,2,NA
2448,2,NA
2449,2,NA
2450,1,NA
2451,1,NA
2452,2,NA
2453,2,NA
2454,3,NA
2455,3,NA
2456,2,NA
2457,3,NA
2458,2,NA
2459,1,NA
2460,2,NA
2461,2,NA
2462,3,NA
2463,2,NA
2464,1,NA
2465,2,NA
2466,2,NA
2467,1,NA
2468,2,NA
2469,3,NA
2470,2,NA
2471,1,NA
2472,1,NA
2473,1,NA
2474,2,NA
2475,3,NA
2476,1,NA
2477,1,NA
2478,1,NA
2479,2,NA
2480,3,NA
2481,3,NA
2482,2,NA
2483,2,NA
2484,2,NA
2485,2,NA
2486,1,NA
2487,3,NA
2488,1,NA
2489,1,NA
2490,3,NA
2491,1,NA
2492,3,NA
2493,2,NA
2494,2,NA
2495,3,NA
2496,1,NA
2497,2,NA
2498,2,NA
2499,2,NA
2500,2,NA
2501,3,NA
2502,2,NA
2503,2,NA
2504,1,NA
2505,1,NA
2506,2,NA
2507,2,NA
2508,2,NA
2509,3,NA
2510,3,NA
2511,1,NA
2512,2,NA
2513,2,NA
2514,3,NA
2515,2,NA
2516,2,NA
2517,3,NA
2518,3,NA
2519,1,NA
2520,3,NA
2521,1,NA
2522,1,NA
2523,1,NA
2524,3,NA
2525,1,NA
2526,2,NA
2527,1,NA
2528,3,NA
2529,1,NA
2530,3,NA
2531,1,NA
2532,2,NA
2533,3,NA
2534,2,NA
2535,1,NA
2536,2,NA
2537,1,NA
2538,1,NA
2539,3,NA
2540,1,NA
2541,1,NA
2542,2,NA
2543,2,NA
2544,2,NA
2545,3,NA
2546,3,NA
2547,3,NA
2548,2,NA
2549,2,NA
2550,2,NA
2551,3,NA
2552,3,NA
2553,1,NA
2554,1,NA
2555,2,NA
2556,3,NA
2557,3,NA
2558,2,NA
2559,2,NA
2560,2,NA
2561,1,NA
2562,3,NA
2563,3,NA
2564,3,NA
2565,2,NA
2566,3,NA
2567,1,NA
2568,2,NA
2569,2,NA
2570,1,NA
2571,3,NA
2572,2,NA
2573,1,NA
2574,1,NA
2575,2,NA
2576,1,NA
2577,1,NA
2578,2,NA
2579,3,NA
2580,2,NA
2581,1,NA
2582,1,NA
2583,2,NA
2584,3,NA
2585,3,NA
2586,3,NA
2587,3,NA
2588,3,NA
2589,3,NA
2590,3,NA
2591,2,NA
2592,1,NA
2593,2,NA
2594,1,NA
2595,3,NA
2596,1,NA
2597,2,NA
2598,3,NA
2599,2,NA
2600,3,NA
2601,1,NA
2602,1,NA
2603,1,NA
2604,2,NA
2605,3,NA
2606,2,NA
2607,1,NA
2608,3,NA
2609,2,NA
2610,1,NA
2611,1,NA
2612,1,NA
2613,1,NA
2614,1,NA
2615,3,NA
2616,1,NA
2617,1,NA
2618,2,NA
2619,3,NA
2620,1,NA
2621,2,NA
2622,1,NA
2623,3,NA
2624,2,NA
2625,3,NA
2626,3,NA
2627,1,NA
2628,2,NA
2629,2,NA
2630,2,NA
2631,2,NA
2632,3,NA
2633,1,NA
2634,2,NA
2635,2,NA
2636,1,NA
2637,2,NA
2638,2,NA
2639,1,NA
2640,2,NA
2641,3,NA
2642,2,NA
2643,2,NA
2644,3,NA
2645,1,NA
2646,1,NA
2647,2,NA
2648,1,NA
2649,3,NA
2650,3,NA
2651,2,NA
2652,1,NA
2653,2,NA
2654,2,NA
2655,2,NA
2656,2,NA
2657,2,NA
2658,3,NA
2659,2,NA
2660,1,NA
2661,2,NA
2662,3,NA
2663,3,NA
2664,1,NA
2665,3,NA
2666,1,NA
2667,1,NA
2668,1,NA
2669,2,NA
2670,1,NA
2671,2,NA
2672,3,NA
2673,1,NA
2674,1,NA
2675,2,NA
2676,3,NA
2677,1,NA
2678,2,NA
2679,2,NA
2680,3,NA
2681,2,NA
2682,2,NA
2683,3,NA
2684,1,NA
2685,3,NA
2686,2,NA
2687,3,NA
2688,1,NA
2689,2,NA
2690,2,NA
2691,2,NA
2692,1,NA
2693,1,NA
2694,1,NA
2695,2,NA
2696,1,NA
2697,2,NA
2698,2,NA
2699,3,NA
2700,3,NA
2701,1,NA
2702,1,NA
2703,1,NA
2704,1,NA
2705,2,NA
2706,3,NA
2707,2,NA
2708,3,NA
2709,2,NA
2710,2,NA
2711,1,NA
2712,3,NA
2713,1,NA
2714,2,NA
2715,1,NA
2716,2,NA
2717,2,NA
2718,3,NA
2719,1,NA
2720,2,NA
2721,3,NA
2722,2,NA
2723,3,NA
2724,2,NA
2725,3,NA
2726,2,NA
2727,2,NA
2728,3,NA
2729,1,NA
2730,2,NA
2731,1,NA
2732,2,NA
2733,2,NA
2734,1,NA
2735,1,NA
2736,2,NA
2737,3,NA
2738,2,NA
2739,2,NA
2740,3,NA
2741,2,NA
2742,3,NA
2743,2,NA
2744,3,NA
2745,1,NA
2746,3,NA
2747,2,NA
2748,3,NA
2749,2,NA
2750,2,NA
2751,1,NA
2752,3,NA
2753,1,NA
2754,2,NA
2755,2,NA
2756,2,NA
2757,2,NA
2758,3,NA
2759,3,NA
2760,1,NA
2761,2,NA
2762,2,NA
2763,3,NA
2764,1,NA
2765,2,NA
2766,3,NA
2767,3,NA
2768,2,NA
2769,2,NA
2770,2,NA
2771,1,NA
2772,3,NA
2773,1,NA
2774,2,NA
2775,2,NA
2776,3,NA
2777,3,NA
2778,3,NA
2779,1,NA
2780,3,NA
2781,2,NA
2782,3,NA
2783,2,NA
2784,3,NA
2785,1,NA
2786,2,NA
2787,3,NA
2788,3,NA
2789,1,NA
2790,3,NA
2791,3,NA
2792,1,NA
2793,1,NA
2794,3,NA
2795,3,NA
2796,3,NA
2797,3,NA
2798,1,NA
2799,2,NA
2800,3,NA
2801,1,NA
2802,3,NA
2803,2,NA
2804,2,NA
2805,3,NA
2806,3,NA
2807,2,NA
2808,1,NA
2809,3,NA
2810,1,NA
2811,3,NA
2812,3,NA
2813,3,NA
2814,3,NA
2815,1,NA
2816,3,NA
2817,2,NA
2818,3,NA
2819,3,NA
2820,3,NA
2821,3,NA
2822,2,NA
2823,2,NA
2824,1,NA
2825,2,NA
2826,2,NA
2827,2,NA
2828,2,NA
2829,1,NA
2830,2,NA
2831,3,NA
2832,3,NA
2833,3,NA
2834,1,NA
2835,3,NA
2836,1,NA
2837,1,NA
2838,2,NA
2839,1,NA
2840,3,NA
2841,3,NA
2842,2,NA
2843,3,NA
2844,3,NA
2845,3,NA
2846,3,NA
2847,2,NA
2848,2,NA
2849,2,NA
2850,2,NA
2851,2,NA
2852,2,NA
2853,2,NA
2854,1,NA
2855,2,NA
2856,1,NA
2857,2,NA
2858,2,NA
2859,1,NA
2860,2,NA
2861,2,NA
2862,1,NA
2863,3,NA
2864,3,NA
2865,2,NA
2866,1,NA
2867,1,NA
2868,2,NA
2869,1,NA
2870,2,NA
2871,1,NA
2872,1,NA
2873,3,NA
2874,2,NA
2875,2,NA
2876,2,NA
2877,2,NA
2878,3,NA
2879,3,NA
2880,1,NA
2881,2,NA
2882,3,NA
2883,2,NA
2884,1,NA
2885,2,NA
2886,2,NA
2887,2,NA
2888,2,NA
2889,3,NA
2890,2,NA
2891,1,NA
2892,1,NA
2893,1,NA
2894,3,NA
2895,1,NA
2896,2,NA
2897,2,NA
2898,1,NA
2899,3,NA
2900,3,NA
2901,2,NA
2902,3,NA
2903,1,NA
2904,2,NA
2905,1,NA
2906,1,NA
2907,3,NA
2908,3,NA
2909,3,NA
2910,3,NA
2911,3,NA
2912,1,NA
2913,1,NA
2914,1,NA
2915,3,NA
2916,2,NA
2917,1,NA
2918,1,NA
2919,1,NA
2920,3,NA
2921,3,NA
2922,3,NA
2923,3,NA
2924,3,NA
2925,2,NA
2926,3,NA
2927,1,NA
2928,1,NA
2929,2,NA
2930,2,NA
2931,3,NA
2932,1,NA
2933,2,NA
2934,1,NA
2935,3,NA
2936,3,NA
2937,2,NA
2938,3,NA
2939,1,NA
2940,1,NA
2941,1,NA
2942,1,NA
2943,2,NA
2944,1,NA
2945,2,NA
2946,3,NA
2947,2,NA
2948,1,NA
2949,2,NA
2950,3,NA
2951,3,NA
2952,2,NA
2953,3,NA
2954,2,NA
2955,2,NA
2956,3,NA
2957,2,NA
2958,1,NA
2959,2,NA
2960,2,NA
2961,1,NA
2962,2,NA
2963,1,NA
2964,2,NA
2965,2,NA
2966,3,NA
2967,3,NA
2968,1,NA
2969,2,NA
2970,3,NA
2971,2,NA
2972,1,NA
2973,2,NA
2974,3,NA
2975,2,NA
2976,3,NA
2977,1,NA
2978,3,NA
2979,3,NA
2980,1,NA
2981,1,NA
2982,1,NA
2983,3,NA
2984,2,NA
2985,2,NA
2986,2,NA
2987,1,NA
2988,1,NA
2989,3,NA
2990,1,NA
2991,1,NA
2992,1,NA
2993,1,NA
2994,1,NA
2995,3,NA
2996,1,NA
2997,1,NA
2998,1,NA
2999,1,NA
3000,3,NA
